,Cluster ID,cultivar id,subpopulation,sequences,mean_height,0,1,2,3,4,5,6,7,8
0,1,C001,Indica,GCTTTTCCC,138.265,3,2,1,1,1,1,2,2,2
1,1,W261,Intermediate,GCTTTTCCC,138.265,3,2,1,1,1,1,2,2,2
2,2,W306,VI/Aromatic,GCTGTTCCC,129.6,3,2,1,3,1,1,2,2,2
3,3,C128,Indica,GCTTTTTCC,156.07,3,2,1,1,1,1,1,2,2
4,3,C180,Indica,GCTTTTTCC,156.07,3,2,1,1,1,1,1,2,2
5,3,C183,Indica,GCTTTTTCC,156.07,3,2,1,1,1,1,1,2,2
6,3,C193,Indica,GCTTTTTCC,156.07,3,2,1,1,1,1,1,2,2
7,3,W132,Indica,GCTTTTTCC,156.07,3,2,1,1,1,1,1,2,2
8,4,C036,Indica,GCTTTTTCT,122.87,3,2,1,1,1,1,1,2,1
9,4,C121,Indica,GCTTTTTCT,122.87,3,2,1,1,1,1,1,2,1
10,5,C060,Indica,GCTTTATCC,131.265,3,2,1,1,1,0,1,2,2
11,5,W029,Indica,GCTTTATCC,131.265,3,2,1,1,1,0,1,2,2
12,6,C020,Indica,GCTTTATCT,96.64384615384614,3,2,1,1,1,0,1,2,1
13,6,C021,Indica,GCTTTATCT,96.64384615384614,3,2,1,1,1,0,1,2,1
14,6,C033,Indica,GCTTTATCT,96.64384615384614,3,2,1,1,1,0,1,2,1
15,6,C039,Indica,GCTTTATCT,96.64384615384614,3,2,1,1,1,0,1,2,1
16,6,C058,Indica,GCTTTATCT,96.64384615384614,3,2,1,1,1,0,1,2,1
17,6,C059,Indica,GCTTTATCT,96.64384615384614,3,2,1,1,1,0,1,2,1
18,6,C122,Indica,GCTTTATCT,96.64384615384614,3,2,1,1,1,0,1,2,1
19,6,C155,Indica,GCTTTATCT,96.64384615384614,3,2,1,1,1,0,1,2,1
20,6,C156,Indica,GCTTTATCT,96.64384615384614,3,2,1,1,1,0,1,2,1
21,6,C158,Indica,GCTTTATCT,96.64384615384614,3,2,1,1,1,0,1,2,1
22,6,C159,Indica,GCTTTATCT,96.64384615384614,3,2,1,1,1,0,1,2,1
23,6,C161,Indica,GCTTTATCT,96.64384615384614,3,2,1,1,1,0,1,2,1
24,6,W223,Indica,GCTTTATCT,96.64384615384614,3,2,1,1,1,0,1,2,1
25,7,C024,Indica,ACTTTATCT,88.17666666666666,0,2,1,1,1,0,1,2,1
26,7,C114,Indica,ACTTTATCT,88.17666666666666,0,2,1,1,1,0,1,2,1
27,7,C145,Indica,ACTTTATCT,88.17666666666666,0,2,1,1,1,0,1,2,1
28,8,C040,Indica,GCTGTATCT,91.45333333333332,3,2,1,3,1,0,1,2,1
29,8,C157,Indica,GCTGTATCT,91.45333333333332,3,2,1,3,1,0,1,2,1
30,8,W078,Indica,GCTGTATCT,91.45333333333332,3,2,1,3,1,0,1,2,1
31,9,C083,Temperate,GCTGAATCT,174.7,3,2,1,3,0,0,1,2,1
32,10,C003,Japonica,GCTGTACTT,121.35733333333334,3,2,1,3,1,0,2,1,1
33,10,C010,Tropical,GCTGTACTT,121.35733333333334,3,2,1,3,1,0,2,1,1
34,10,C023,Temperate,GCTGTACTT,121.35733333333334,3,2,1,3,1,0,2,1,1
35,10,C034,Temperate,GCTGTACTT,121.35733333333334,3,2,1,3,1,0,2,1,1
36,10,C054,Temperate,GCTGTACTT,121.35733333333334,3,2,1,3,1,0,2,1,1
37,10,C089,Temperate,GCTGTACTT,121.35733333333334,3,2,1,3,1,0,2,1,1
38,10,C118,Indica,GCTGTACTT,121.35733333333334,3,2,1,3,1,0,2,1,1
39,10,C124,Indica,GCTTTACTT,121.35733333333334,3,2,1,1,1,0,2,1,1
40,10,C181,Temperate,GCTGTACTT,121.35733333333334,3,2,1,3,1,0,2,1,1
41,10,C187,Temperate,GCTGTACTT,121.35733333333334,3,2,1,3,1,0,2,1,1
42,10,C188,Temperate,GCTGTACTT,121.35733333333334,3,2,1,3,1,0,2,1,1
43,10,C195,Temperate,GCTGTACTT,121.35733333333334,3,2,1,3,1,0,2,1,1
44,10,C203,Indica,GCTTTACTT,121.35733333333334,3,2,1,1,1,0,2,1,1
45,10,W018,Temperate,GCTGTACTT,121.35733333333334,3,2,1,3,1,0,2,1,1
46,10,W019,Japonica,GCTGTACTT,121.35733333333334,3,2,1,3,1,0,2,1,1
47,10,W038,Temperate,GCTGTACTT,121.35733333333334,3,2,1,3,1,0,2,1,1
48,10,W045,Temperate,GCTGTACTT,121.35733333333334,3,2,1,3,1,0,2,1,1
49,10,W059,Temperate,GCTGTACTT,121.35733333333334,3,2,1,3,1,0,2,1,1
50,10,W062,Tropical,GCTGTACTT,121.35733333333334,3,2,1,3,1,0,2,1,1
51,10,W064,Temperate,GCTGTACTT,121.35733333333334,3,2,1,3,1,0,2,1,1
52,10,W068,Temperate,GCTTTACTT,121.35733333333334,3,2,1,1,1,0,2,1,1
53,10,W070,Indica,GCTGTACTT,121.35733333333334,3,2,1,3,1,0,2,1,1
54,10,W139,Temperate,GCTGTACTT,121.35733333333334,3,2,1,3,1,0,2,1,1
55,10,W171,Indica,GCTGTACTT,121.35733333333334,3,2,1,3,1,0,2,1,1
56,10,W173,Tropical,GCTGTACTT,121.35733333333334,3,2,1,3,1,0,2,1,1
57,10,W175,Intermediate,GCTTTACTT,121.35733333333334,3,2,1,1,1,0,2,1,1
58,10,W240,Indica,GCTTTACTT,121.35733333333334,3,2,1,1,1,0,2,1,1
59,10,W281,Temperate,GCTGTACTT,121.35733333333334,3,2,1,3,1,0,2,1,1
60,10,W302,Tropical,GCTGTACTT,121.35733333333334,3,2,1,3,1,0,2,1,1
61,10,W313,Indica,GCTTTACTT,121.35733333333334,3,2,1,1,1,0,2,1,1
62,11,C004,Temperate,GCTGAACTC,165.34666666666666,3,2,1,3,0,0,2,1,2
63,11,C079,Temperate,GCTGAACTC,165.34666666666666,3,2,1,3,0,0,2,1,2
64,11,C093,Temperate,GCTGAACTC,165.34666666666666,3,2,1,3,0,0,2,1,2
65,11,C103,Temperate,GCTGAACTC,165.34666666666666,3,2,1,3,0,0,2,1,2
66,11,C130,Temperate,GCTGAACTC,165.34666666666666,3,2,1,3,0,0,2,1,2
67,11,C133,Temperate,GCTGAACTC,165.34666666666666,3,2,1,3,0,0,2,1,2
68,11,C196,Temperate,GCTGAACTC,165.34666666666666,3,2,1,3,0,0,2,1,2
69,11,W102,Tropical,GCTGAACTC,165.34666666666666,3,2,1,3,0,0,2,1,2
70,11,W325,Temperate,GCTGAACTC,165.34666666666666,3,2,1,3,0,0,2,1,2
71,12,C101,Temperate,GCTGAACCC,186.68,3,2,1,3,0,0,2,2,2
72,12,C106,Temperate,GCTGAACCC,186.68,3,2,1,3,0,0,2,2,2
73,12,C111,Temperate,GCTGAACCC,186.68,3,2,1,3,0,0,2,2,2
74,12,C137,Temperate,GCTGAACCC,186.68,3,2,1,3,0,0,2,2,2
75,12,W319,Temperate,GCTGAACCC,186.68,3,2,1,3,0,0,2,2,2
76,13,C134,Temperate,GCTTAACCC,191.99666666666667,3,2,1,1,0,0,2,2,2
77,13,C144,Temperate,GCTTAACCC,191.99666666666667,3,2,1,1,0,0,2,2,2
78,13,W143,Japonica,GCTTAACCC,191.99666666666667,3,2,1,1,0,0,2,2,2
79,14,C084,Japonica,GCTGTACCC,159.84,3,2,1,3,1,0,2,2,2
80,14,C085,Japonica,GCTGTACCC,159.84,3,2,1,3,1,0,2,2,2
81,14,W050,VI/Aromatic,GCTGTACCC,159.84,3,2,1,3,1,0,2,2,2
82,15,C016,Temperate,GCTGTACCT,97.72,3,2,1,3,1,0,2,2,1
83,15,C056,Temperate,GCTGTACCT,97.72,3,2,1,3,1,0,2,2,1
84,15,W290,Temperate,GCTGTACCT,97.72,3,2,1,3,1,0,2,2,1
85,16,C067,Temperate,GCTGTACTC,147.22533333333334,3,2,1,3,1,0,2,1,2
86,16,C071,Temperate,GCTGTACTC,147.22533333333334,3,2,1,3,1,0,2,1,2
87,16,C074,Temperate,GCTGTACTC,147.22533333333334,3,2,1,3,1,0,2,1,2
88,16,C075,Temperate,GCTGTACTC,147.22533333333334,3,2,1,3,1,0,2,1,2
89,16,C082,Temperate,GCTGTACTC,147.22533333333334,3,2,1,3,1,0,2,1,2
90,16,C138,Temperate,GCTGTACTC,147.22533333333334,3,2,1,3,1,0,2,1,2
91,16,C171,Temperate,GCTGTACTC,147.22533333333334,3,2,1,3,1,0,2,1,2
92,16,C179,Temperate,GCTGTACTC,147.22533333333334,3,2,1,3,1,0,2,1,2
93,16,C186,Japonica,GCTGTACTC,147.22533333333334,3,2,1,3,1,0,2,1,2
94,16,W082,Temperate,GCTGTACTC,147.22533333333334,3,2,1,3,1,0,2,1,2
95,16,W097,Intermediate,GCTGTACTC,147.22533333333334,3,2,1,3,1,0,2,1,2
96,16,W122,Japonica,GCTGTACTC,147.22533333333334,3,2,1,3,1,0,2,1,2
97,16,W127,Japonica,GCTGTACTC,147.22533333333334,3,2,1,3,1,0,2,1,2
98,16,W324,Japonica,GCTGTACTC,147.22533333333334,3,2,1,3,1,0,2,1,2
99,16,W326,Japonica,GCTGTACTC,147.22533333333334,3,2,1,3,1,0,2,1,2
100,17,W135,Indica,GCTTTACTC,172.8,3,2,1,1,1,0,2,1,2
101,18,C012,Temperate,ACTGAACTT,120.78,0,2,1,3,0,0,2,1,1
102,18,W060,Temperate,ACTGAACTT,120.78,0,2,1,3,0,0,2,1,1
103,18,W193,Temperate,ACTGAACTT,120.78,0,2,1,3,0,0,2,1,1
104,18,W249,Temperate,ACTGAACTT,120.78,0,2,1,3,0,0,2,1,1
105,18,W250,Temperate,ACTGAACTT,120.78,0,2,1,3,0,0,2,1,1
106,19,C063,Temperate,ACTGAACCC,115.54,0,2,1,3,0,0,2,2,2
107,20,C120,Temperate,ACTGAACCT,100.82333333333334,0,2,1,3,0,0,2,2,1
108,20,C149,Temperate,ACTGAACCT,100.82333333333334,0,2,1,3,0,0,2,2,1
109,20,C172,Temperate,ACTGAACCT,100.82333333333334,0,2,1,3,0,0,2,2,1
110,21,W003,Tropical,ACTGAACTC,140.4,0,2,1,3,0,0,2,1,2
111,22,W128,Intermediate,ACCGATCTT,149.8,0,2,2,3,0,1,2,1,1
112,23,W125,Intermediate,ACTGTTCTT,152.0,0,2,1,3,1,1,2,1,1
113,24,C017,Temperate,ACTGTACTT,99.38333333333334,0,2,1,3,1,0,2,1,1
114,24,C018,Temperate,ACTGTACTT,99.38333333333334,0,2,1,3,1,0,2,1,1
115,24,C026,Temperate,ACTGTACTT,99.38333333333334,0,2,1,3,1,0,2,1,1
116,24,C028,Temperate,ACTGTACTT,99.38333333333334,0,2,1,3,1,0,2,1,1
117,24,C029,Japonica,ACTGTACTT,99.38333333333334,0,2,1,3,1,0,2,1,1
118,24,C032,Temperate,ACTGTACTT,99.38333333333334,0,2,1,3,1,0,2,1,1
119,24,C035,Temperate,ACTGTACTT,99.38333333333334,0,2,1,3,1,0,2,1,1
120,24,C048,Temperate,ACTGTACTT,99.38333333333334,0,2,1,3,1,0,2,1,1
121,24,C057,Japonica,ACTGTACTT,99.38333333333334,0,2,1,3,1,0,2,1,1
122,24,C064,Temperate,ACTGTACTT,99.38333333333334,0,2,1,3,1,0,2,1,1
123,24,C116,Temperate,ACTGTACTT,99.38333333333334,0,2,1,3,1,0,2,1,1
124,24,C146,Temperate,ACTGTACTT,99.38333333333334,0,2,1,3,1,0,2,1,1
125,24,C150,Temperate,ACTGTACTT,99.38333333333334,0,2,1,3,1,0,2,1,1
126,24,C152,Temperate,ACTGTACTT,99.38333333333334,0,2,1,3,1,0,2,1,1
127,24,C154,Temperate,ACTGTACTT,99.38333333333334,0,2,1,3,1,0,2,1,1
128,24,C177,Temperate,ACTGTACTT,99.38333333333334,0,2,1,3,1,0,2,1,1
129,24,W010,Japonica,ACTGTACTT,99.38333333333334,0,2,1,3,1,0,2,1,1
130,24,W012,Temperate,ACTGTACTT,99.38333333333334,0,2,1,3,1,0,2,1,1
131,24,W013,Temperate,ACTGTACTT,99.38333333333334,0,2,1,3,1,0,2,1,1
132,24,W016,Temperate,ACTGTACTT,99.38333333333334,0,2,1,3,1,0,2,1,1
133,24,W027,Temperate,ACTGTACTT,99.38333333333334,0,2,1,3,1,0,2,1,1
134,24,W052,Temperate,ACTGTACTT,99.38333333333334,0,2,1,3,1,0,2,1,1
135,24,W061,Japonica,ACTGTACTT,99.38333333333334,0,2,1,3,1,0,2,1,1
136,24,W063,Japonica,ACTGTACTT,99.38333333333334,0,2,1,3,1,0,2,1,1
137,24,W088,Temperate,ACTGTACTT,99.38333333333334,0,2,1,3,1,0,2,1,1
138,24,W109,Temperate,ACTGTACTT,99.38333333333334,0,2,1,3,1,0,2,1,1
139,24,W117,Temperate,ACTGTACTT,99.38333333333334,0,2,1,3,1,0,2,1,1
140,24,W130,Temperate,ACTGTACTT,99.38333333333334,0,2,1,3,1,0,2,1,1
141,24,W158,Intermediate,ACTGTACTT,99.38333333333334,0,2,1,3,1,0,2,1,1
142,24,W160,Temperate,ACTGTACTT,99.38333333333334,0,2,1,3,1,0,2,1,1
143,24,W162,Temperate,ACTGTACTT,99.38333333333334,0,2,1,3,1,0,2,1,1
144,24,W207,Temperate,ACTGTACTT,99.38333333333334,0,2,1,3,1,0,2,1,1
145,24,W209,Temperate,ACTGTACTT,99.38333333333334,0,2,1,3,1,0,2,1,1
146,24,W283,Temperate,ACTGTACTT,99.38333333333334,0,2,1,3,1,0,2,1,1
147,24,W305,Temperate,ACTGTACTT,99.38333333333334,0,2,1,3,1,0,2,1,1
148,24,W328,Intermediate,ACTGTACTT,99.38333333333334,0,2,1,3,1,0,2,1,1
149,25,C052,Temperate,ACTGTACTC,124.12,0,2,1,3,1,0,2,1,2
150,25,C185,Japonica,ACTGTACTC,124.12,0,2,1,3,1,0,2,1,2
151,25,W021,Japonica,ACTGTACTC,124.12,0,2,1,3,1,0,2,1,2
152,25,W323,Japonica,ACTGTACTC,124.12,0,2,1,3,1,0,2,1,2
153,25,W327,Temperate,ACTGTACTC,124.12,0,2,1,3,1,0,2,1,2
154,26,C070,Temperate,GCTGAACTT,137.9414285714286,3,2,1,3,0,0,2,1,1
155,26,C123,Tropical,GCTGAACTT,137.9414285714286,3,2,1,3,0,0,2,1,1
156,26,C189,Temperate,GCTGAACTT,137.9414285714286,3,2,1,3,0,0,2,1,1
157,26,W011,Temperate,GCTGAACTT,137.9414285714286,3,2,1,3,0,0,2,1,1
158,26,W041,Tropical,GCTGAACTT,137.9414285714286,3,2,1,3,0,0,2,1,1
159,26,W055,Intermediate,GCTGAACTT,137.9414285714286,3,2,1,3,0,0,2,1,1
160,26,W056,Temperate,GCTGAACTT,137.9414285714286,3,2,1,3,0,0,2,1,1
161,27,C087,Temperate,GCTTAACTT,158.335,3,2,1,1,0,0,2,1,1
162,27,W116,Tropical,GCTTAACTT,158.335,3,2,1,1,0,0,2,1,1
163,28,C006,Indica,GCTTTATTT,106.99484848484848,3,2,1,1,1,0,1,1,1
164,28,C007,Indica,GCTTTATTT,106.99484848484848,3,2,1,1,1,0,1,1,1
165,28,C019,Indica,GCTTTATTT,106.99484848484848,3,2,1,1,1,0,1,1,1
166,28,C030,Indica,GCTTTATTT,106.99484848484848,3,2,1,1,1,0,1,1,1
167,28,C031,Indica,GCTTTATTT,106.99484848484848,3,2,1,1,1,0,1,1,1
168,28,C037,Indica,GCTTTATTT,106.99484848484848,3,2,1,1,1,0,1,1,1
169,28,C038,Indica,GCTTTATTT,106.99484848484848,3,2,1,1,1,0,1,1,1
170,28,C044,Indica,GCTTTATTT,106.99484848484848,3,2,1,1,1,0,1,1,1
171,28,C046,Indica,GCTTTATTT,106.99484848484848,3,2,1,1,1,0,1,1,1
172,28,C105,Indica,GCTTTATTT,106.99484848484848,3,2,1,1,1,0,1,1,1
173,28,C112,Indica,GCTTTATTT,106.99484848484848,3,2,1,1,1,0,1,1,1
174,28,C113,Indica,GCTTTATTT,106.99484848484848,3,2,1,1,1,0,1,1,1
175,28,C117,Indica,GCTTTATTT,106.99484848484848,3,2,1,1,1,0,1,1,1
176,28,C151,Indica,GCTTTATTT,106.99484848484848,3,2,1,1,1,0,1,1,1
177,28,C160,Indica,GCTTTATTT,106.99484848484848,3,2,1,1,1,0,1,1,1
178,28,C165,Indica,GCTTTATTT,106.99484848484848,3,2,1,1,1,0,1,1,1
179,28,C167,Indica,GCTTTATTT,106.99484848484848,3,2,1,1,1,0,1,1,1
180,28,C169,Indica,GCTTTATTT,106.99484848484848,3,2,1,1,1,0,1,1,1
181,28,C170,Indica,GCTTTATTT,106.99484848484848,3,2,1,1,1,0,1,1,1
182,28,W040,Indica,GCTTTATTT,106.99484848484848,3,2,1,1,1,0,1,1,1
183,28,W043,Indica,GCTTTATTT,106.99484848484848,3,2,1,1,1,0,1,1,1
184,28,W046,Indica,GCTTTATTT,106.99484848484848,3,2,1,1,1,0,1,1,1
185,28,W058,Indica,GCTTTATTT,106.99484848484848,3,2,1,1,1,0,1,1,1
186,28,W138,Indica,GCTTTATTT,106.99484848484848,3,2,1,1,1,0,1,1,1
187,28,W149,Indica,GCTTTATTT,106.99484848484848,3,2,1,1,1,0,1,1,1
188,28,W150,Indica,GCTTTATTT,106.99484848484848,3,2,1,1,1,0,1,1,1
189,28,W151,Indica,GCTTTATTT,106.99484848484848,3,2,1,1,1,0,1,1,1
190,28,W152,Indica,GCTTTATTT,106.99484848484848,3,2,1,1,1,0,1,1,1
191,28,W156,Indica,GCTTTATTT,106.99484848484848,3,2,1,1,1,0,1,1,1
192,28,W163,Indica,GCTTTATTT,106.99484848484848,3,2,1,1,1,0,1,1,1
193,28,W164,Indica,GCTTTATTT,106.99484848484848,3,2,1,1,1,0,1,1,1
194,28,W169,Indica,GCTTTATTT,106.99484848484848,3,2,1,1,1,0,1,1,1
195,28,W170,Indica,GCTTTATTT,106.99484848484848,3,2,1,1,1,0,1,1,1
196,28,W174,Indica,GCTTTATTT,106.99484848484848,3,2,1,1,1,0,1,1,1
197,28,W179,Indica,GCTTTATTT,106.99484848484848,3,2,1,1,1,0,1,1,1
198,28,W180,Indica,GCTTTATTT,106.99484848484848,3,2,1,1,1,0,1,1,1
199,28,W183,Indica,GCTTTATTT,106.99484848484848,3,2,1,1,1,0,1,1,1
200,28,W185,Indica,GCTTTATTT,106.99484848484848,3,2,1,1,1,0,1,1,1
201,28,W189,Indica,GCTTTATTT,106.99484848484848,3,2,1,1,1,0,1,1,1
202,28,W200,Indica,GCTTTATTT,106.99484848484848,3,2,1,1,1,0,1,1,1
203,28,W222,Indica,GCTTTATTT,106.99484848484848,3,2,1,1,1,0,1,1,1
204,28,W224,Indica,GCTTTATTT,106.99484848484848,3,2,1,1,1,0,1,1,1
205,28,W228,Indica,GCTTTATTT,106.99484848484848,3,2,1,1,1,0,1,1,1
206,28,W229,Indica,GCTTTATTT,106.99484848484848,3,2,1,1,1,0,1,1,1
207,28,W233,Indica,GCTTTATTT,106.99484848484848,3,2,1,1,1,0,1,1,1
208,28,W236,Indica,GCTTTATTT,106.99484848484848,3,2,1,1,1,0,1,1,1
209,28,W244,Indica,GCTTTATTT,106.99484848484848,3,2,1,1,1,0,1,1,1
210,28,W245,Indica,GCTTTATTT,106.99484848484848,3,2,1,1,1,0,1,1,1
211,28,W248,Indica,GCTTTATTT,106.99484848484848,3,2,1,1,1,0,1,1,1
212,28,W259,Indica,GCTTTATTT,106.99484848484848,3,2,1,1,1,0,1,1,1
213,28,W263,Indica,GCTTTATTT,106.99484848484848,3,2,1,1,1,0,1,1,1
214,28,W264,Indica,GCTTTATTT,106.99484848484848,3,2,1,1,1,0,1,1,1
215,28,W265,Indica,GCTTTATTT,106.99484848484848,3,2,1,1,1,0,1,1,1
216,28,W268,Indica,GCTTTATTT,106.99484848484848,3,2,1,1,1,0,1,1,1
217,28,W271,Indica,GCTTTATTT,106.99484848484848,3,2,1,1,1,0,1,1,1
218,28,W276,Indica,GCTTTATTT,106.99484848484848,3,2,1,1,1,0,1,1,1
219,28,W293,Indica,GCTTTATTT,106.99484848484848,3,2,1,1,1,0,1,1,1
220,28,W294,Intermediate,GCTTTATTT,106.99484848484848,3,2,1,1,1,0,1,1,1
221,28,W295,Indica,GCTTTATTT,106.99484848484848,3,2,1,1,1,0,1,1,1
222,28,W300,Tropical,GCTTTATTT,106.99484848484848,3,2,1,1,1,0,1,1,1
223,28,W307,Indica,GCTTTATTT,106.99484848484848,3,2,1,1,1,0,1,1,1
224,28,W308,Indica,GCTTTATTT,106.99484848484848,3,2,1,1,1,0,1,1,1
225,28,W309,Indica,GCTTTATTT,106.99484848484848,3,2,1,1,1,0,1,1,1
226,28,W312,Indica,GCTTTATTT,106.99484848484848,3,2,1,1,1,0,1,1,1
227,28,W315,Indica,GCTTTATTT,106.99484848484848,3,2,1,1,1,0,1,1,1
228,28,W317,Indica,GCTTTATTT,106.99484848484848,3,2,1,1,1,0,1,1,1
229,29,C005,Tropical,GCTTAATTC,153.746,3,2,1,1,0,0,1,1,2
230,29,W002,Tropical,GCTTAATTC,153.746,3,2,1,1,0,0,1,1,2
231,29,W004,Tropical,GCTTAATTC,153.746,3,2,1,1,0,0,1,1,2
232,29,W110,Tropical,GCTTAATTC,153.746,3,2,1,1,0,0,1,1,2
233,29,W284,Tropical,GCTTAATTC,153.746,3,2,1,1,0,0,1,1,2
234,30,W007,Tropical,GCTGAATTC,150.4,3,2,1,3,0,0,1,1,2
235,30,W273,Tropical,GCTGAATTC,150.4,3,2,1,3,0,0,1,1,2
236,30,W288,Tropical,GCTGAATTC,150.4,3,2,1,3,0,0,1,1,2
237,31,C008,Indica,GCTGTATTC,127.765,3,2,1,3,1,0,1,1,2
238,31,C027,Indica,GCTGTATTC,127.765,3,2,1,3,1,0,1,1,2
239,31,C041,Indica,GCTTTATTC,127.765,3,2,1,1,1,0,1,1,2
240,31,C045,Indica,GCTGTATTC,127.765,3,2,1,3,1,0,1,1,2
241,31,C091,Indica,GCTTTATTC,127.765,3,2,1,1,1,0,1,1,2
242,31,C092,Indica,GCTTTATTC,127.765,3,2,1,1,1,0,1,1,2
243,31,C127,Indica,GCTTTATTC,127.765,3,2,1,1,1,0,1,1,2
244,31,C131,Indica,GCTTTATTC,127.765,3,2,1,1,1,0,1,1,2
245,31,C176,Indica,GCTTTATTC,127.765,3,2,1,1,1,0,1,1,2
246,31,C191,Indica,GCTTTATTC,127.765,3,2,1,1,1,0,1,1,2
247,31,W073,Indica,GCTTTATTC,127.765,3,2,1,1,1,0,1,1,2
248,31,W085,Indica,GCTGTATTC,127.765,3,2,1,3,1,0,1,1,2
249,31,W101,Indica,GCTTTATTC,127.765,3,2,1,1,1,0,1,1,2
250,31,W133,Indica,GCTTTATTC,127.765,3,2,1,1,1,0,1,1,2
251,31,W188,Indica,GCTGTATTC,127.765,3,2,1,3,1,0,1,1,2
252,31,W199,Indica,GCTTTATTC,127.765,3,2,1,1,1,0,1,1,2
253,31,W206,Indica,GCTTTATTC,127.765,3,2,1,1,1,0,1,1,2
254,31,W239,Indica,GCTGTATTC,127.765,3,2,1,3,1,0,1,1,2
255,31,W246,Indica,GCTTTATTC,127.765,3,2,1,1,1,0,1,1,2
256,31,W260,Tropical,GCTGTATTC,127.765,3,2,1,3,1,0,1,1,2
257,31,W266,Indica,GCTTTATTC,127.765,3,2,1,1,1,0,1,1,2
258,31,W269,Indica,GCTTTATTC,127.765,3,2,1,1,1,0,1,1,2
259,31,W270,Indica,GCTTTATTC,127.765,3,2,1,1,1,0,1,1,2
260,31,W329,Tropical,GCTGTATTC,127.765,3,2,1,3,1,0,1,1,2
261,32,C094,Indica,GTTGTATTC,154.87,3,1,1,3,1,0,1,1,2
262,33,C066,Indica,GCTGTTTTC,142.91166666666666,3,2,1,3,1,1,1,1,2
263,33,C099,Indica,GCTGTTTTC,142.91166666666666,3,2,1,3,1,1,1,1,2
264,33,W033,Indica,GCTGTTTTC,142.91166666666666,3,2,1,3,1,1,1,1,2
265,33,W107,Indica,GCTGTTTTC,142.91166666666666,3,2,1,3,1,1,1,1,2
266,33,W191,Intermediate,GCTGTTTTC,142.91166666666666,3,2,1,3,1,1,1,1,2
267,33,W192,Intermediate,GCTGTTTTC,142.91166666666666,3,2,1,3,1,1,1,1,2
268,34,W147,Indica,GCTGTTTTT,110.88571428571429,3,2,1,3,1,1,1,1,1
269,34,W154,Indica,GCTGTTTTT,110.88571428571429,3,2,1,3,1,1,1,1,1
270,34,W172,Indica,GCTGTTTTT,110.88571428571429,3,2,1,3,1,1,1,1,1
271,34,W194,Indica,GCTGTTTTT,110.88571428571429,3,2,1,3,1,1,1,1,1
272,34,W299,Indica,GCTGTTTTT,110.88571428571429,3,2,1,3,1,1,1,1,1
273,34,W304,Intermediate,GCTGTTTTT,110.88571428571429,3,2,1,3,1,1,1,1,1
274,34,W321,Indica,GCTGTTTTT,110.88571428571429,3,2,1,3,1,1,1,1,1
275,35,C072,Indica,GCTTTTTTT,134.64999999999998,3,2,1,1,1,1,1,1,1
276,35,C107,Indica,GCTTTTTTT,134.64999999999998,3,2,1,1,1,1,1,1,1
277,35,C142,Indica,GCTTTTTTT,134.64999999999998,3,2,1,1,1,1,1,1,1
278,35,C162,Indica,GCTTTTTTT,134.64999999999998,3,2,1,1,1,1,1,1,1
279,35,C175,Indica,GCTTTTTTT,134.64999999999998,3,2,1,1,1,1,1,1,1
280,35,C192,Indica,GCTTTTTTT,134.64999999999998,3,2,1,1,1,1,1,1,1
281,35,W148,Indica,GCTTTTTTT,134.64999999999998,3,2,1,1,1,1,1,1,1
282,35,W181,Indica,GCTTTTTTT,134.64999999999998,3,2,1,1,1,1,1,1,1
283,35,W274,Indica,GCTTTTTTT,134.64999999999998,3,2,1,1,1,1,1,1,1
284,35,W291,Indica,GCTTTTTTT,134.64999999999998,3,2,1,1,1,1,1,1,1
285,35,W298,Indica,GCTTTTTTT,134.64999999999998,3,2,1,1,1,1,1,1,1
286,36,C078,Indica,GCTTTTTTC,133.73333333333335,3,2,1,1,1,1,1,1,2
287,36,C173,Indica,GCTTTTTTC,133.73333333333335,3,2,1,1,1,1,1,1,2
288,36,W084,Indica,GCTTTTTTC,133.73333333333335,3,2,1,1,1,1,1,1,2
289,37,C139,Indica,GCTTTTCTC,185.33,3,2,1,1,1,1,2,1,2
290,38,W112,Indica,GCTTTTCTT,167.2,3,2,1,1,1,1,2,1,1
291,39,C014,Japonica,ACTGTATTT,91.41666666666669,0,2,1,3,1,0,1,1,1
292,39,C051,Intermediate,ACTGTATTT,91.41666666666669,0,2,1,3,1,0,1,1,1
293,39,C119,Temperate,ACTGTATTT,91.41666666666669,0,2,1,3,1,0,1,1,1
294,39,W087,Indica,ACTGTATTT,91.41666666666669,0,2,1,3,1,0,1,1,1
295,39,W120,Temperate,ACTGTATTT,91.41666666666669,0,2,1,3,1,0,1,1,1
296,39,W226,Temperate,ACTGTATTT,91.41666666666669,0,2,1,3,1,0,1,1,1
297,40,W155,Indica,ACTGTTTTT,98.4,0,2,1,3,1,1,1,1,1
298,41,W119,Tropical,ACTGAATTT,95.4,0,2,1,3,0,0,1,1,1
299,42,C153,Tropical,GCTGAATTT,144.1435,3,2,1,3,0,0,1,1,1
300,42,W005,Tropical,GCTGAATTT,144.1435,3,2,1,3,0,0,1,1,1
301,42,W006,Tropical,GCTGAATTT,144.1435,3,2,1,3,0,0,1,1,1
302,42,W008,Tropical,GCTGAATTT,144.1435,3,2,1,3,0,0,1,1,1
303,42,W017,Tropical,GCTGAATTT,144.1435,3,2,1,3,0,0,1,1,1
304,42,W022,Tropical,GCTGAATTT,144.1435,3,2,1,3,0,0,1,1,1
305,42,W024,Tropical,GCTGAATTT,144.1435,3,2,1,3,0,0,1,1,1
306,42,W053,Tropical,GCTGAATTT,144.1435,3,2,1,3,0,0,1,1,1
307,42,W057,Tropical,GCTGAATTT,144.1435,3,2,1,3,0,0,1,1,1
308,42,W065,Tropical,GCTGAATTT,144.1435,3,2,1,3,0,0,1,1,1
309,42,W067,Tropical,GCTGAATTT,144.1435,3,2,1,3,0,0,1,1,1
310,42,W113,Tropical,GCTGAATTT,144.1435,3,2,1,3,0,0,1,1,1
311,42,W123,Tropical,GCTGAATTT,144.1435,3,2,1,3,0,0,1,1,1
312,42,W208,Temperate,GCTGAATTT,144.1435,3,2,1,3,0,0,1,1,1
313,42,W251,Tropical,GCTGAATTT,144.1435,3,2,1,3,0,0,1,1,1
314,42,W253,Tropical,GCTGAATTT,144.1435,3,2,1,3,0,0,1,1,1
315,42,W254,Tropical,GCTGAATTT,144.1435,3,2,1,3,0,0,1,1,1
316,42,W257,Tropical,GCTGAATTT,144.1435,3,2,1,3,0,0,1,1,1
317,42,W275,Tropical,GCTGAATTT,144.1435,3,2,1,3,0,0,1,1,1
318,42,W303,Tropical,GCTGAATTT,144.1435,3,2,1,3,0,0,1,1,1
319,43,W285,Tropical,GCTTAATTT,134.6,3,2,1,1,0,0,1,1,1
320,44,C009,Indica,GCTGTATTT,106.50850746268657,3,2,1,3,1,0,1,1,1
321,44,C011,Indica,GCTGTATTT,106.50850746268657,3,2,1,3,1,0,1,1,1
322,44,C022,Indica,GCTGTATTT,106.50850746268657,3,2,1,3,1,0,1,1,1
323,44,C025,Indica,GCTGTATTT,106.50850746268657,3,2,1,3,1,0,1,1,1
324,44,C042,Indica,GCTGTATTT,106.50850746268657,3,2,1,3,1,0,1,1,1
325,44,C043,Indica,GCTGTATTT,106.50850746268657,3,2,1,3,1,0,1,1,1
326,44,C049,Indica,GCTGTATTT,106.50850746268657,3,2,1,3,1,0,1,1,1
327,44,C050,Indica,GCTGTATTT,106.50850746268657,3,2,1,3,1,0,1,1,1
328,44,C053,Indica,GCTGTATTT,106.50850746268657,3,2,1,3,1,0,1,1,1
329,44,C061,Indica,GCTGTATTT,106.50850746268657,3,2,1,3,1,0,1,1,1
330,44,C062,Indica,GCTGTATTT,106.50850746268657,3,2,1,3,1,0,1,1,1
331,44,C065,Indica,GCTGTATTT,106.50850746268657,3,2,1,3,1,0,1,1,1
332,44,C068,Indica,GCTGTATTT,106.50850746268657,3,2,1,3,1,0,1,1,1
333,44,C069,Indica,GCTGTATTT,106.50850746268657,3,2,1,3,1,0,1,1,1
334,44,C115,Indica,GCTGTATTT,106.50850746268657,3,2,1,3,1,0,1,1,1
335,44,C147,Indica,GCTGTATTT,106.50850746268657,3,2,1,3,1,0,1,1,1
336,44,C148,Indica,GCTGTATTT,106.50850746268657,3,2,1,3,1,0,1,1,1
337,44,C163,Indica,GCTGTATTT,106.50850746268657,3,2,1,3,1,0,1,1,1
338,44,C164,Indica,GCTGTATTT,106.50850746268657,3,2,1,3,1,0,1,1,1
339,44,C166,Indica,GCTGTATTT,106.50850746268657,3,2,1,3,1,0,1,1,1
340,44,C168,Indica,GCTGTATTT,106.50850746268657,3,2,1,3,1,0,1,1,1
341,44,C174,Indica,GCTGTATTT,106.50850746268657,3,2,1,3,1,0,1,1,1
342,44,C178,Indica,GCTGTATTT,106.50850746268657,3,2,1,3,1,0,1,1,1
343,44,W044,Indica,GCTGTATTT,106.50850746268657,3,2,1,3,1,0,1,1,1
344,44,W051,Indica,GCTGTATTT,106.50850746268657,3,2,1,3,1,0,1,1,1
345,44,W083,Indica,GCTGTATTT,106.50850746268657,3,2,1,3,1,0,1,1,1
346,44,W086,Indica,GCTGTATTT,106.50850746268657,3,2,1,3,1,0,1,1,1
347,44,W118,Tropical,GCTGTATTT,106.50850746268657,3,2,1,3,1,0,1,1,1
348,44,W153,Indica,GCTGTATTT,106.50850746268657,3,2,1,3,1,0,1,1,1
349,44,W157,Indica,GCTGTATTT,106.50850746268657,3,2,1,3,1,0,1,1,1
350,44,W159,Indica,GCTGTATTT,106.50850746268657,3,2,1,3,1,0,1,1,1
351,44,W161,Indica,GCTGTATTT,106.50850746268657,3,2,1,3,1,0,1,1,1
352,44,W165,Indica,GCTGTATTT,106.50850746268657,3,2,1,3,1,0,1,1,1
353,44,W166,Indica,GCTGTATTT,106.50850746268657,3,2,1,3,1,0,1,1,1
354,44,W167,Indica,GCTGTATTT,106.50850746268657,3,2,1,3,1,0,1,1,1
355,44,W168,Indica,GCTGTATTT,106.50850746268657,3,2,1,3,1,0,1,1,1
356,44,W176,Indica,GCTGTATTT,106.50850746268657,3,2,1,3,1,0,1,1,1
357,44,W177,Indica,GCTGTATTT,106.50850746268657,3,2,1,3,1,0,1,1,1
358,44,W182,Indica,GCTGTATTT,106.50850746268657,3,2,1,3,1,0,1,1,1
359,44,W184,Indica,GCTGTATTT,106.50850746268657,3,2,1,3,1,0,1,1,1
360,44,W186,Indica,GCTGTATTT,106.50850746268657,3,2,1,3,1,0,1,1,1
361,44,W187,Indica,GCTGTATTT,106.50850746268657,3,2,1,3,1,0,1,1,1
362,44,W195,Indica,GCTGTATTT,106.50850746268657,3,2,1,3,1,0,1,1,1
363,44,W197,Indica,GCTGTATTT,106.50850746268657,3,2,1,3,1,0,1,1,1
364,44,W201,Indica,GCTGTATTT,106.50850746268657,3,2,1,3,1,0,1,1,1
365,44,W202,Indica,GCTGTATTT,106.50850746268657,3,2,1,3,1,0,1,1,1
366,44,W211,Indica,GCTGTATTT,106.50850746268657,3,2,1,3,1,0,1,1,1
367,44,W213,Indica,GCTGTATTT,106.50850746268657,3,2,1,3,1,0,1,1,1
368,44,W216,Indica,GCTGTATTT,106.50850746268657,3,2,1,3,1,0,1,1,1
369,44,W217,Indica,GCTGTATTT,106.50850746268657,3,2,1,3,1,0,1,1,1
370,44,W218,Indica,GCTGTATTT,106.50850746268657,3,2,1,3,1,0,1,1,1
371,44,W225,Tropical,GCTGTATTT,106.50850746268657,3,2,1,3,1,0,1,1,1
372,44,W227,Indica,GCTGTATTT,106.50850746268657,3,2,1,3,1,0,1,1,1
373,44,W231,Indica,GCTGTATTT,106.50850746268657,3,2,1,3,1,0,1,1,1
374,44,W234,Indica,GCTGTATTT,106.50850746268657,3,2,1,3,1,0,1,1,1
375,44,W237,Indica,GCTGTATTT,106.50850746268657,3,2,1,3,1,0,1,1,1
376,44,W238,Indica,GCTGTATTT,106.50850746268657,3,2,1,3,1,0,1,1,1
377,44,W242,Indica,GCTGTATTT,106.50850746268657,3,2,1,3,1,0,1,1,1
378,44,W243,Indica,GCTGTATTT,106.50850746268657,3,2,1,3,1,0,1,1,1
379,44,W262,Indica,GCTGTATTT,106.50850746268657,3,2,1,3,1,0,1,1,1
380,44,W267,Indica,GCTGTATTT,106.50850746268657,3,2,1,3,1,0,1,1,1
381,44,W289,Indica,GCTGTATTT,106.50850746268657,3,2,1,3,1,0,1,1,1
382,44,W301,Indica,GCTGTATTT,106.50850746268657,3,2,1,3,1,0,1,1,1
383,44,W311,Indica,GCTGTATTT,106.50850746268657,3,2,1,3,1,0,1,1,1
384,44,W316,Indica,GCTGTATTT,106.50850746268657,3,2,1,3,1,0,1,1,1
385,44,W318,Indica,GCTGTATTT,106.50850746268657,3,2,1,3,1,0,1,1,1
386,44,W322,Indica,GCTGTATTT,106.50850746268657,3,2,1,3,1,0,1,1,1
387,45,C002,VI/Aromatic,GCCTTTCCC,166.3457142857143,3,2,2,1,1,1,2,2,2
388,45,C015,Aus,GCCTTTCCC,166.3457142857143,3,2,2,1,1,1,2,2,2
389,45,W077,VI/Aromatic,GCCTTTCCC,166.3457142857143,3,2,2,1,1,1,2,2,2
390,45,W136,VI/Aromatic,GCCTTTCCC,166.3457142857143,3,2,2,1,1,1,2,2,2
391,45,W220,VI/Aromatic,GCCTTTCCC,166.3457142857143,3,2,2,1,1,1,2,2,2
392,45,W277,Aus,GCCTTTCCC,166.3457142857143,3,2,2,1,1,1,2,2,2
393,45,W330,Aus,GCCTTTCCC,166.3457142857143,3,2,2,1,1,1,2,2,2
394,46,W048,Aus,GCCGTTCCC,162.775,3,2,2,3,1,1,2,2,2
395,46,W091,Aus,GCCGTTCCC,162.775,3,2,2,3,1,1,2,2,2
396,46,W095,Aus,GCCGTTCCC,162.775,3,2,2,3,1,1,2,2,2
397,46,W219,VI/Aromatic,GCCGTTCCC,162.775,3,2,2,3,1,1,2,2,2
398,46,W252,VI/Aromatic,GCCGTTCCC,162.775,3,2,2,3,1,1,2,2,2
399,46,W255,VI/Aromatic,GCCGTTCCC,162.775,3,2,2,3,1,1,2,2,2
400,46,W278,Aus,GCCGTTCCC,162.775,3,2,2,3,1,1,2,2,2
401,46,W279,Aus,GCCGTTCCC,162.775,3,2,2,3,1,1,2,2,2
402,47,W014,VI/Aromatic,GCCGTTCCT,158.0,3,2,2,3,1,1,2,2,1
403,48,C202,Indica,GCCTTTTCC,176.33,3,2,2,1,1,1,1,2,2
404,49,W020,Aus,GCCGTTTCC,136.6,3,2,2,3,1,1,1,2,2
405,50,W079,Intermediate,GCCGTTTCT,147.6,3,2,2,3,1,1,1,2,1
406,51,C013,Aus,GCCTTTCTC,154.4946153846154,3,2,2,1,1,1,2,1,2
407,51,W015,Aus,GCCTTTCTC,154.4946153846154,3,2,2,1,1,1,2,1,2
408,51,W025,Aus,GCCTTTCTC,154.4946153846154,3,2,2,1,1,1,2,1,2
409,51,W034,Aus,GCCTTTCTC,154.4946153846154,3,2,2,1,1,1,2,1,2
410,51,W042,Indica,GCCTTTCTC,154.4946153846154,3,2,2,1,1,1,2,1,2
411,51,W072,Aus,GCCTTTCTC,154.4946153846154,3,2,2,1,1,1,2,1,2
412,51,W103,Aus,GCCTTTCTC,154.4946153846154,3,2,2,1,1,1,2,1,2
413,51,W121,Aus,GCCTTTCTC,154.4946153846154,3,2,2,1,1,1,2,1,2
414,51,W141,Aus,GCCTTTCTC,154.4946153846154,3,2,2,1,1,1,2,1,2
415,51,W215,Aus,GCCTTTCTC,154.4946153846154,3,2,2,1,1,1,2,1,2
416,51,W280,Aus,GCCTTTCTC,154.4946153846154,3,2,2,1,1,1,2,1,2
417,51,W296,Aus,GCCTTTCTC,154.4946153846154,3,2,2,1,1,1,2,1,2
418,51,W297,Aus,GCCTTTCTC,154.4946153846154,3,2,2,1,1,1,2,1,2
419,52,W028,Aus,GTCGTTCTC,164.2,3,1,2,3,1,1,2,1,2
420,53,W037,Indica,GCCGTTCTC,154.8842105263158,3,2,2,3,1,1,2,1,2
421,53,W069,Aus,GCCGTTCTC,154.8842105263158,3,2,2,3,1,1,2,1,2
422,53,W076,Aus,GCCGTTCTC,154.8842105263158,3,2,2,3,1,1,2,1,2
423,53,W090,Aus,GCCGTTCTC,154.8842105263158,3,2,2,3,1,1,2,1,2
424,53,W092,Aus,GCCGTTCTC,154.8842105263158,3,2,2,3,1,1,2,1,2
425,53,W094,Aus,GCCGTTCTC,154.8842105263158,3,2,2,3,1,1,2,1,2
426,53,W096,Aus,GCCGTTCTC,154.8842105263158,3,2,2,3,1,1,2,1,2
427,53,W098,Aus,GCCGTTCTC,154.8842105263158,3,2,2,3,1,1,2,1,2
428,53,W099,Aus,GCCGTTCTC,154.8842105263158,3,2,2,3,1,1,2,1,2
429,53,W100,Aus,GCCGTTCTC,154.8842105263158,3,2,2,3,1,1,2,1,2
430,53,W104,Aus,GCCGTTCTC,154.8842105263158,3,2,2,3,1,1,2,1,2
431,53,W108,Aus,GCCGTTCTC,154.8842105263158,3,2,2,3,1,1,2,1,2
432,53,W115,Aus,GCCGTTCTC,154.8842105263158,3,2,2,3,1,1,2,1,2
433,53,W131,Aus,GCCGTTCTC,154.8842105263158,3,2,2,3,1,1,2,1,2
434,53,W142,Aus,GCCGTTCTC,154.8842105263158,3,2,2,3,1,1,2,1,2
435,53,W214,Aus,GCCGTTCTC,154.8842105263158,3,2,2,3,1,1,2,1,2
436,53,W286,Aus,GCCGTTCTC,154.8842105263158,3,2,2,3,1,1,2,1,2
437,53,W287,Aus,GCCGTTCTC,154.8842105263158,3,2,2,3,1,1,2,1,2
438,53,W292,Aus,GCCGTTCTC,154.8842105263158,3,2,2,3,1,1,2,1,2
439,54,C073,Indica,GCCTTTTTC,167.38105263157894,3,2,2,1,1,1,1,1,2
440,54,C088,Indica,GCCTTTTTC,167.38105263157894,3,2,2,1,1,1,1,1,2
441,54,C096,Indica,GCCTTTTTC,167.38105263157894,3,2,2,1,1,1,1,1,2
442,54,C100,Indica,GCCTTTTTC,167.38105263157894,3,2,2,1,1,1,1,1,2
443,54,C129,Indica,GCCTTTTTC,167.38105263157894,3,2,2,1,1,1,1,1,2
444,54,C135,Indica,GCCTTTTTC,167.38105263157894,3,2,2,1,1,1,1,1,2
445,54,C136,Indica,GCCTTTTTC,167.38105263157894,3,2,2,1,1,1,1,1,2
446,54,C141,Indica,GCCTTTTTC,167.38105263157894,3,2,2,1,1,1,1,1,2
447,54,C190,Indica,GCCTTTTTC,167.38105263157894,3,2,2,1,1,1,1,1,2
448,54,C198,Indica,GCCTTTTTC,167.38105263157894,3,2,2,1,1,1,1,1,2
449,54,C199,Indica,GCCTTTTTC,167.38105263157894,3,2,2,1,1,1,1,1,2
450,54,C200,Indica,GCCTTTTTC,167.38105263157894,3,2,2,1,1,1,1,1,2
451,54,C201,Indica,GCCTTTTTC,167.38105263157894,3,2,2,1,1,1,1,1,2
452,54,W031,Indica,GCCTTTTTC,167.38105263157894,3,2,2,1,1,1,1,1,2
453,54,W032,Indica,GCCTTTTTC,167.38105263157894,3,2,2,1,1,1,1,1,2
454,54,W039,Indica,GCCTTTTTC,167.38105263157894,3,2,2,1,1,1,1,1,2
455,54,W126,Indica,GCCTTTTTC,167.38105263157894,3,2,2,1,1,1,1,1,2
456,54,W272,Indica,GCCTTTTTC,167.38105263157894,3,2,2,1,1,1,1,1,2
457,54,W320,Indica,GCCTTTTTC,167.38105263157894,3,2,2,1,1,1,1,1,2
458,55,W235,Indica,GTCTTTTTC,148.4,3,1,2,1,1,1,1,1,2
459,56,C095,Indica,GCCGTTTTC,153.9425,3,2,2,3,1,1,1,1,2
460,56,W026,Indica,GCCGTTTTC,153.9425,3,2,2,3,1,1,1,1,2
461,56,W036,Indica,GCCGTTTTC,153.9425,3,2,2,3,1,1,1,1,2
462,56,W124,Indica,GCCGTTTTC,153.9425,3,2,2,3,1,1,1,1,2
463,57,W023,Indica,GCCGTTTTT,131.32,3,2,2,3,1,1,1,1,1
464,57,W066,Indica,GCCGTTTTT,131.32,3,2,2,3,1,1,1,1,1
465,57,W089,Indica,GCCGTTTTT,131.32,3,2,2,3,1,1,1,1,1
466,57,W093,Indica,GCCGTTTTT,131.32,3,2,2,3,1,1,1,1,1
467,57,W241,Indica,GCCGTTTTT,131.32,3,2,2,3,1,1,1,1,1
468,58,C047,Indica,GCCTTTTTT,171.35454545454547,3,2,2,1,1,1,1,1,1
469,58,C080,Indica,GCCTTTTTT,171.35454545454547,3,2,2,1,1,1,1,1,1
470,58,C097,Indica,GCCTTTTTT,171.35454545454547,3,2,2,1,1,1,1,1,1
471,58,C104,Indica,GCCTTTTTT,171.35454545454547,3,2,2,1,1,1,1,1,1
472,58,C108,Indica,GCCTTTTTT,171.35454545454547,3,2,2,1,1,1,1,1,1
473,58,C109,Indica,GCCTTTTTT,171.35454545454547,3,2,2,1,1,1,1,1,1
474,58,C194,Indica,GCCTTTTTT,171.35454545454547,3,2,2,1,1,1,1,1,1
475,58,W009,Indica,GCCTTTTTT,171.35454545454547,3,2,2,1,1,1,1,1,1
476,58,W054,Indica,GCCTTTTTT,171.35454545454547,3,2,2,1,1,1,1,1,1
477,58,W111,Indica,GCCTTTTTT,171.35454545454547,3,2,2,1,1,1,1,1,1
478,58,W203,Indica,GCCTTTTTT,171.35454545454547,3,2,2,1,1,1,1,1,1
479,59,W140,Aus,GCCTTTCTT,145.8,3,2,2,1,1,1,2,1,1
480,60,W106,Aus,GCCGTTCTT,169.4,3,2,2,3,1,1,2,1,1
481,61,C086,Aus,GCCTTACTC,163.03428571428572,3,2,2,1,1,0,2,1,2
482,61,C098,Indica,GCCTTACTC,163.03428571428572,3,2,2,1,1,0,2,1,2
483,61,W035,Indica,GCCTTACTC,163.03428571428572,3,2,2,1,1,0,2,1,2
484,61,W075,Indica,GCCTTACTC,163.03428571428572,3,2,2,1,1,0,2,1,2
485,61,W105,Aus,GCCTTACTC,163.03428571428572,3,2,2,1,1,0,2,1,2
486,61,W129,VI/Aromatic,GCCTTACTC,163.03428571428572,3,2,2,1,1,0,2,1,2
487,61,W137,Indica,GCCTTACTC,163.03428571428572,3,2,2,1,1,0,2,1,2
488,62,W047,Japonica,GCCTTACCT,203.2,3,2,2,1,1,0,2,2,1
489,63,W258,VI/Aromatic,GCCTTACCC,158.4,3,2,2,1,1,0,2,2,2
490,64,W081,VI/Aromatic,GCCGTACCC,145.1,3,2,2,3,1,0,2,2,2
491,64,W256,VI/Aromatic,GCCGTACCC,145.1,3,2,2,3,1,0,2,2,2
492,65,W049,Aus,GCCGTACTC,156.9,3,2,2,3,1,0,2,1,2
493,65,W134,Aus,GCCGTACTC,156.9,3,2,2,3,1,0,2,1,2
494,66,W145,Indica,GCCTTACTT,177.4,3,2,2,1,1,0,2,1,1
495,67,W030,Indica,GCCGTACTT,172.6,3,2,2,3,1,0,2,1,1
496,68,C055,Indica,GCCTTATTT,157.02285714285716,3,2,2,1,1,0,1,1,1
497,68,C090,Indica,GCCTTATTT,157.02285714285716,3,2,2,1,1,0,1,1,1
498,68,C132,Indica,GCCTTATTT,157.02285714285716,3,2,2,1,1,0,1,1,1
499,68,C197,Indica,GCCTTATTT,157.02285714285716,3,2,2,1,1,0,1,1,1
500,68,W080,Indica,GCCTTATTT,157.02285714285716,3,2,2,1,1,0,1,1,1
501,68,W204,Indica,GCCTTATTT,157.02285714285716,3,2,2,1,1,0,1,1,1
502,68,W205,Indica,GCCTTATTT,157.02285714285716,3,2,2,1,1,0,1,1,1
503,69,C076,Indica,GCCTTATCC,147.106,3,2,2,1,1,0,1,2,2
504,69,C077,Indica,GCCTTATCC,147.106,3,2,2,1,1,0,1,2,2
505,69,C081,Indica,GCCTTATCC,147.106,3,2,2,1,1,0,1,2,2
506,69,C184,Indica,GCCTTATCC,147.106,3,2,2,1,1,0,1,2,2
507,69,W001,Indica,GCCTTATCC,147.106,3,2,2,1,1,0,1,2,2
508,70,W210,Indica,GCCTTATCT,168.3,3,2,2,1,1,0,1,2,1
509,70,W247,Indica,GCCTTATCT,168.3,3,2,2,1,1,0,1,2,1
510,71,C110,Indica,GCCTTATTC,165.01857142857145,3,2,2,1,1,0,1,1,2
511,71,C140,Indica,GCCTTATTC,165.01857142857145,3,2,2,1,1,0,1,1,2
512,71,C182,Indica,GCCTTATTC,165.01857142857145,3,2,2,1,1,0,1,1,2
513,71,W074,Indica,GCCTTATTC,165.01857142857145,3,2,2,1,1,0,1,1,2
514,71,W144,Indica,GCCTTATTC,165.01857142857145,3,2,2,1,1,0,1,1,2
515,71,W198,Indica,GCCTTATTC,165.01857142857145,3,2,2,1,1,0,1,1,2
516,71,W212,Indica,GCCTTATTC,165.01857142857145,3,2,2,1,1,0,1,1,2
517,72,C125,Indica,GCCGTATTC,148.68200000000002,3,2,2,3,1,0,1,1,2
518,72,C143,Indica,GCCGTATTC,148.68200000000002,3,2,2,3,1,0,1,1,2
519,72,W114,Indica,GCCGTATTC,148.68200000000002,3,2,2,3,1,0,1,1,2
520,72,W282,Indica,GCCGTATTC,148.68200000000002,3,2,2,3,1,0,1,1,2
521,72,W314,Indica,GCCGTATTC,148.68200000000002,3,2,2,3,1,0,1,1,2
522,73,C102,Indica,GCCGTATTT,117.34499999999998,3,2,2,3,1,0,1,1,1
523,73,W071,Indica,GCCGTATTT,117.34499999999998,3,2,2,3,1,0,1,1,1
524,73,W146,Indica,GCCGTATTT,117.34499999999998,3,2,2,3,1,0,1,1,1
525,73,W178,Indica,GCCGTATTT,117.34499999999998,3,2,2,3,1,0,1,1,1
526,73,W221,Indica,GCCGTATTT,117.34499999999998,3,2,2,3,1,0,1,1,1
527,73,W310,Indica,GCCGTATTT,117.34499999999998,3,2,2,3,1,0,1,1,1
